{
  "train_loss": [
    3.9144219865604324,
    3.3983369068223603,
    3.024693017103234,
    2.8379741444879647,
    2.6028296631209704,
    2.378568713762322,
    2.2018506721574433,
    2.002329647541046,
    1.8895220269962234,
    1.7448218829777775,
    1.6215244166705074,
    1.5242224597201055,
    1.4555872070546052,
    1.3393396157391217,
    1.3009715585076078,
    1.213861412539774,
    1.201655529591502,
    1.1564848976475852,
    1.1063887045091512,
    1.0546604851070716,
    0.9730032423929292,
    0.962010107478317,
    0.9273777111452453,
    0.891326113927121,
    0.8282930130253032,
    0.8145934781249689,
    0.7889724106204753,
    0.7914946270840508,
    0.7418942101755921,
    0.7262363686245314,
    0.6560871962990079,
    0.655057606496373,
    0.6333738221805922,
    0.6395260147294219,
    0.6025119245964654,
    0.5662001004936744,
    0.5590988844633102,
    0.5405084455803949,
    0.5435792235087376,
    0.5212562925049237,
    0.4967504701748186,
    0.47106216361328046,
    0.4766776646886553,
    0.43813105490134685,
    0.4081077501177788,
    0.3990329153531668,
    0.41210608458032416,
    0.39493449579696266,
    0.3853078461727317,
    0.3706670009664127,
    0.3656023450347842,
    0.34408818398203167,
    0.34917716560315115,
    0.3386043440930697,
    0.3259738668495295,
    0.3121280321965412,
    0.27988993509539534,
    0.2563839220270819,
    0.2999666567359652,
    0.2691412041229861,
    0.25044461092626563,
    0.24612472327996274,
    0.23050348449270336,
    0.2586148965875713,
    0.22546872850127367,
    0.23690666053064016,
    0.2109671704167006,
    0.22427065537444182,
    0.1970022970012256,
    0.1862893231517198,
    0.1981985594088934,
    0.1623186822220379,
    0.16777932811148313,
    0.17354174125559477,
    0.15961192624301326,
    0.18797947990955138,
    0.16313328230943608,
    0.15924805113855672,
    0.15368602546502133,
    0.15164165031545015,
    0.14084273097770555,
    0.13310639178190303,
    0.14631652307449555,
    0.15352245446826732,
    0.12786418581571507,
    0.12422926666937312,
    0.12765440470253936
  ],
  "train_acc": [
    4.688995215311005,
    11.802232854864434,
    18.149920255183414,
    23.03030303030303,
    26.985645933014354,
    31.993620414673046,
    36.58692185007975,
    41.72248803827751,
    44.81658692185008,
    47.81499202551834,
    53.014354066985646,
    54.92822966507177,
    55.69377990430622,
    60.35087719298246,
    61.24401913875598,
    63.85964912280702,
    63.79585326953748,
    64.91228070175438,
    66.28389154704944,
    67.7511961722488,
    70.7177033492823,
    71.03668261562999,
    72.75917065390749,
    73.84370015948963,
    75.34290271132376,
    75.31100478468899,
    75.69377990430623,
    76.33173843700159,
    77.54385964912281,
    78.21371610845296,
    81.05263157894737,
    80.19138755980862,
    81.49920255183413,
    80.25518341307814,
    81.65869218500798,
    83.0622009569378,
    83.2535885167464,
    83.50877192982456,
    83.31738437001594,
    84.52950558213716,
    84.81658692185007,
    85.70972886762361,
    85.39074960127591,
    86.41148325358851,
    87.94258373205741,
    87.30462519936204,
    87.20893141945774,
    88.22966507177034,
    88.2615629984051,
    88.64433811802233,
    88.61244019138756,
    89.2822966507177,
    89.25039872408293,
    89.05901116427432,
    89.8883572567783,
    89.792663476874,
    91.8341307814992,
    91.96172248803828,
    90.46251993620415,
    91.61084529505582,
    91.77033492822966,
    92.05741626794259,
    92.79106858054226,
    91.86602870813397,
    93.07814992025519,
    92.75917065390749,
    93.30143540669856,
    93.3652312599681,
    94.1945773524721,
    94.00318979266348,
    94.06698564593302,
    95.4066985645933,
    94.48165869218501,
    94.51355661881978,
    95.37480063795853,
    94.25837320574162,
    94.76874003189792,
    94.92822966507177,
    95.11961722488039,
    94.99202551834131,
    95.85326953748006,
    96.2360446570973,
    95.53429027113238,
    95.47049441786284,
    96.14035087719299,
    96.4274322169059,
    95.9170653907496
  ],
  "val_loss": [
    3.5306945755368186,
    2.961804810024443,
    2.6010231177012124,
    2.451078352474031,
    2.3296863635381064,
    2.52754461197626,
    2.127307556924366,
    1.675762341136024,
    1.956548361551194,
    1.4944440580549694,
    1.6762170451028007,
    1.714168511685871,
    1.5023696167128426,
    1.502016998472668,
    1.3881488186972482,
    1.186982844557081,
    1.259013289497012,
    1.2309887948490323,
    1.0929995463007973,
    1.1252442172595434,
    0.9521938335327875,
    1.462735076745351,
    1.1509945279075986,
    1.0177779339608692,
    0.815753447157996,
    1.0073277950286865,
    1.2243223105158125,
    0.8090554106803167,
    0.9282904607909066,
    0.7194243655318305,
    1.032645847116198,
    0.8786502892062777,
    0.7901795307795206,
    0.7426226877030873,
    0.6948357990809849,
    0.8081825006575811,
    0.5795032197520846,
    0.6113327429408119,
    0.6335596073241461,
    0.651377816994985,
    0.6036824910413652,
    0.6751267583597274,
    0.618716224318459,
    0.6403026254404158,
    0.5961322635412216,
    0.6599177434330895,
    0.5923878976276943,
    0.7209507241135552,
    0.574680663290478,
    0.5504337137653714,
    0.5231913001764388,
    0.7135796930108752,
    0.5798919520207814,
    0.8006086548169454,
    0.5758015371504284,
    0.5373055246614274,
    0.5163165941124871,
    0.5641332712201845,
    0.5319818386009761,
    0.5235228978452229,
    0.5158838352986744,
    0.49357843682879493,
    0.542958177626133,
    0.5176348359811873,
    0.5471279237951551,
    0.4964495095468703,
    0.48331330184425625,
    0.5230986394342922,
    0.5043561809829303,
    0.5212880635545367,
    0.4922387089048113,
    0.4790170072090058,
    0.48354424358833403,
    0.5389208871693838,
    0.5210910645269212,
    0.47812209987924215,
    0.47496738213868367,
    0.47841080242679235,
    0.48434594415483023,
    0.46538889603245825,
    0.48119866847991943,
    0.46801804609241937,
    0.46369687077544985,
    0.48768893132607144,
    0.47491903674034847,
    0.4864156629358019,
    0.4626219066835585
  ],