{
  "train_loss": [
    3.854233946119036,
    3.4256630649372024,
    3.1071252603920136,
    2.8552619948679085,
    2.6858757661313426,
    2.5123293156526527,
    2.3583589780087375,
    2.1769438982009888,
    2.014730392670145,
    1.9260912780859032,
    1.7974176273054006,
    1.6980863055404352,
    1.627787596108962,
    1.5439936105085879,
    1.4741570371754316,
    1.430593870732249,
    1.365563201052802,
    1.285339204632506,
    1.2615984130878837,
    1.2460995456393884,
    1.1861309044215145,
    1.1403677627748372,
    1.102314189380529,
    1.0698416677056526,
    1.020168545294781,
    0.981435377378853,
    0.9794174822009339,
    0.9190095352883242,
    0.917896913934727,
    0.8813952724544369,
    0.8619388250672088,
    0.8294058229242053,
    0.7735997623935038,
    0.7737527450128477,
    0.8008477931119957,
    0.7443378543367192,
    0.7272393520997495,
    0.6800257852491067,
    0.672928694711656,
    0.6814218932876781,
    0.6321374564146509,
    0.652287946975961,
    0.616513908517604,
    0.6024409561437003,
    0.5969999028103692,
    0.5629239448783349,
    0.5495269359374533,
    0.5327288252966744,
    0.5393167569929239,
    0.49691688877587414,
    0.5242046870443285,
    0.4995760020552849,
    0.4979537395494325,
    0.46953665145805906,
    0.44815287951912197,
    0.44701806166950536,
    0.44062656339029876,
    0.3980765453710848,
    0.4100582038565558,
    0.4074425121047059,
    0.4009114719775258,
    0.4143982187521701,
    0.3697111586831054,
    0.3496380171605519,
    0.3721610052245004,
    0.3326816006886716,
    0.32992172940653197,
    0.3371499914447872,
    0.3305662902338164,
    0.32026524385627436,
    0.3205996291825966,
    0.3244113584562224,
    0.2919455649597304,
    0.2786203511819548,
    0.2682939675845662,
    0.2955836547272546,
    0.27949429006904974,
    0.27376252336769685,
    0.2732622442500932,
    0.2510623182265126,
    0.245613232254982,
    0.2510778475932929,
    0.24466640760703962,
    0.23235996204371356,
    0.24805444281320183,
    0.23371305590381428,
    0.23951181921423698,
    0.22719982874636746,
    0.23551390380883702,
    0.2336009191159083,
    0.22020504266327742,
    0.2380864074339672,
    0.22369203070292668,
    0.2280357201792756,
    0.2128777620287574,
    0.21683121039247027,
    0.19954337780268824,
    0.22454004518079515,
    0.2174991887747025,
    0.20992641588102798
  ],
  "train_acc": [
    3.9872408293460926,
    11.929824561403509,
    18.27751196172249,
    21.94577352472089,
    26.09250398724083,
    29.505582137161085,
    32.91866028708134,
    37.48006379585327,
    42.29665071770335,
    46.188197767145134,
    47.432216905901115,
    49.856459330143544,
    51.89792663476874,
    55.66188197767145,
    56.74641148325359,
    57.8628389154705,
    59.01116427432217,
    62.80701754385965,
    63.25358851674641,
    62.93460925039872,
    64.05103668261563,
    65.90111642743221,
    67.71929824561404,
    68.13397129186603,
    68.99521531100478,
    70.23923444976077,
    70.9090909090909,
    72.59968102073366,
    72.75917065390749,
    74.48165869218501,
    74.22647527910686,
    74.32216905901116,
    76.61881977671452,
    77.00159489633174,
    76.14035087719299,
    77.57575757575758,
    78.56459330143541,
    79.23444976076556,
    79.23444976076556,
    79.84051036682615,
    80.47846889952153,
    80.03189792663477,
    81.21212121212122,
    81.62679425837321,
    81.88197767145135,
    83.28548644338117,
    83.54066985645933,
    84.05103668261563,
    83.82775119617224,
    85.2950558213716,
    84.14673046251994,
    85.2950558213716,
    84.21052631578948,
    86.1244019138756,
    85.74162679425838,
    86.3157894736842,
    86.88995215311004,
    87.62360446570973,
    87.20893141945774,
    87.20893141945774,
    87.6555023923445,
    87.46411483253588,
    89.25039872408293,
    89.44178628389155,
    88.64433811802233,
    89.34609250398724,
    89.66507177033493,
    90.1116427432217,
    90.3030303030303,
    90.14354066985646,
    90.46251993620415,
    89.76076555023923,
    91.61084529505582,
    92.12121212121212,
    92.21690590111643,
    90.84529505582137,
    91.38755980861244,
    91.8341307814992,
    92.08931419457736,
    92.53588516746412,
    92.6634768740032,
    92.63157894736842,
    92.59968102073366,
    92.8548644338118,
    93.11004784688996,
    92.75917065390749,
    92.59968102073366,
    93.46092503987241,
    92.69537480063796,
    92.59968102073366,
    93.46092503987241,
    93.04625199362042,
    93.58851674641149,
    93.49282296650718,
    94.03508771929825,
    93.97129186602871,
    94.54545454545455,
    93.14194577352472,
    93.46092503987241,
    94.13078149920256
  ],
  "val_loss": [
    3.56860537756057,
    3.1616015434265137,
    2.8440498738061812,
    2.576466503597441,
    2.5256749448322116,
    2.2595300617672147,
    2.1764334667296636,
    2.0332581031890142,
    1.9620198408762615,
    1.8292710326966786,
    1.8267172972361247,
    1.5079975241706485,
    1.4914110842205228,
    1.4573273346537636,
    1.3330714134942918,
    1.6112214922904968,
    1.2338376130376543,
    1.5246333565030779,
    1.1655418901216417,
    1.1171831006095523,
    1.1114542143685477,
    1.0343729285966783,
    1.0431875700042361,
    1.0917630592981975,
    0.9660408269791376,
    1.0492679547695887,
    1.0316769934835888,
    0.8988951643308004,
    0.8910770217577616,
    0.8516934031531924,
    0.8151154262678963,
    0.7842860732759748,
    0.8162562747796377,
    0.7787420919963292,
    0.7280680721714383,
    0.741854556969234,
    0.7558362554936182,
    0.903363497484298,
    0.6591777915046328,
    0.654682233220055,
    0.7325336762837001,
    0.7336821073577517,
    0.6682974752925691,
    0.7157470669065203,
    0.8250541757969629,
    0.5949975848197937,
    0.657961049250194,
    0.5887365185079121,
    0.57789565268017,
    0.5980450738044012,
    0.5464989982900166,
    0.6140666575658889,
    0.5663419926450366,
    0.6059946353946414,
    0.5484991811570668,
    0.555868685955093,
    0.49288527525606607,
    0.500162871111007,
    0.5607706350939614,
    0.5629591140009108,
    0.4987138956785202,
    0.5163307615688869,
    0.5105247511750176,
    0.4824686830952054,
    0.49922931761968703,
    0.4995973997172855,
    0.490247001960164,
    0.4890297736440386,
    0.5003311137358347,
    0.45406859048775267,
    0.4643907823732921,
    0.46591070010548546,
    0.46268767473243533,
    0.45778168170225053,
    0.452288799342655,
    0.4807687387579963,
    0.4825837743424234,
    0.45098651023138137,
    0.4460161214783078,
    0.4458540536108471,
    0.4713284337804431,
    0.4608146988210224,
    0.4530955716258004,
    0.4450816128935133,
    0.4610499654497419,
    0.4402586760975066,
    0.43233964769613176,
    0.43482014536857605,
    0.4397287333295459,
    0.4352999421812239,
    0.43552251656850177,
    0.43733707992803483,
    0.44689827802635373,
    0.42561158537864685,
    0.4255529223453431,
    0.4313963403304418,
    0.4314454219170979,
    0.42484328860328313,
    0.42847973604997,
    0.4241251902920859
  ],