{
  "train_loss": [
    3.2689012872929477,
    2.4271388735089983,
    1.9915480954306466,
    1.7691494554889446,
    1.6364993635489016,
    1.5085599781299124,
    1.3973605912558886,
    1.3024274621691023,
    1.154658989334593,
    1.0339941926756684,
    0.9931947865656444,
    0.8788228989863882,
    0.835384444010501,
    0.7697714965562431,
    0.7440353406935322,
    0.6923043037555656,
    0.6492037684941778,
    0.5670546160972848,
    0.534674480405389,
    0.5352469925977745,
    0.5108094676112642,
    0.4596070302080135,
    0.44236753873374995,
    0.4116888705412952,
    0.3990449884868398,
    0.3931314498946375,
    0.32130626505430865,
    0.3101386719440319,
    0.31468010708993793,
    0.3276320047372458,
    0.2712456194151725,
    0.290680055069376,
    0.2719755703393294,
    0.23508619509485304,
    0.199030000298303,
    0.20813356615526943,
    0.19343675657802697,
    0.17987781367739852,
    0.18116071054293792,
    0.15742882907542646,
    0.1506846978101043,
    0.13950098590089047,
    0.1441087761646783,
    0.13424988677345065,
    0.09578204079892258,
    0.1183936277651513,
    0.10554398790153922,
    0.1011197566986084,
    0.10073391746786632,
    0.08895808151847094,
    0.07974720276578577,
    0.07426307239921345,
    0.07294712713396899,
    0.06968220080039939,
    0.07252081840926287,
    0.06467226802428462,
    0.06475567853800496,
    0.06577380725220607,
    0.06637903196471077,
    0.07001988786481778
  ],
  "train_acc": [
    17.352472089314194,
    33.39712918660287,
    44.14673046251993,
    48.86762360446571,
    53.046251993620416,
    55.21531100478469,
    57.99043062200957,
    62.23285486443381,
    65.67783094098884,
    68.1658692185008,
    69.34609250398724,
    72.02551834130782,
    74.13078149920256,
    75.37480063795853,
    75.88516746411483,
    78.02232854864434,
    79.10685805422648,
    82.16905901116428,
    83.41307814992025,
    82.80701754385964,
    84.30622009569377,
    84.62519936204147,
    85.93301435406698,
    86.44338118022328,
    86.98564593301435,
    87.40031897926634,
    89.53748006379585,
    90.04784688995215,
    89.66507177033493,
    89.8883572567783,
    90.78149920255183,
    90.52631578947368,
    91.10047846889952,
    91.8341307814992,
    93.07814992025519,
    92.79106858054226,
    93.49282296650718,
    94.29027113237639,
    93.90749601275917,
    94.76874003189792,
    94.99202551834131,
    95.37480063795853,
    94.96012759170654,
    95.75757575757575,
    97.06539074960128,
    96.01275917065391,
    96.68261562998406,
    96.55502392344498,
    96.49122807017544,
    97.09728867623605,
    97.54385964912281,
    97.38437001594896,
    97.83094098883572,
    97.73524720893143,
    97.63955342902712,
    97.89473684210526,
    97.99043062200957,
    97.92663476874003,
    97.63955342902712,
    97.70334928229666
  ],
  "val_loss": [
    2.5362969580150785,
    2.1676903622491017,
    1.836184024810791,
    1.5484252203078497,
    1.7878262826374598,
    1.3887313859803336,
    1.5301259954770405,
    1.3505716636067344,
    1.7397042654809498,
    1.5415625345139277,
    1.403628647327423,
    1.170869523570651,
    1.045829523177374,
    1.2918937461716788,
    1.267340702669961,
    0.9862874036743527,
    1.0212513648328327,
    1.11471654687609,
    1.0003101144518172,
    1.340765200910114,
    0.8783871276038033,
    1.1153066896256947,
    1.0291292184875125,
    0.9493044118086497,
    0.9658766942364829,
    0.8535924951235453,
    1.0278363823890686,
    0.9104786415894827,
    0.8605523960930961,
    1.3514980106126695,
    0.9320745822929201,
    0.936587644474847,
    0.8517414984248933,
    0.8380721041134426,
    0.7972975926739829,
    0.8605335652828217,
    0.868129041932878,
    0.7993022487277076,
    0.8878542014530727,
    0.893863612697238,
    0.756725956996282,
    0.9231022042887551,
    0.895253761893227,
    0.869968368893578,
    0.8175887039729527,
    0.773507209051223,
    0.8422920732271104,
    0.7769008889084771,
    0.8485040735630762,
    0.8477147420247396,
    0.8061541687874567,
    0.8173245503788903,
    0.7786211754594531,
    0.8199833432833353,
    0.8081596990426382,
    0.8128304765337989,
    0.8000503281752268,
    0.7956537164392925,
    0.7974763328120822,
    0.7884562895411537
  ],
  "val_acc": [
    32.73809523809524,
    41.666666666666664,
    47.61904761904762,
    56.69642857142857,
    51.785714285714285,
    59.82142857142857,
    58.779761904761905,
    65.17857142857143,
    58.779761904761905,
    59.375,
    61.607142857142854,
    68.1547619047619,
    70.08928571428571,
    66.96428571428571,
    68.89880952380952,
    73.95833333333333,
    74.10714285714286,
    72.61904761904762,
    72.91666666666667,
    68.00595238095238,
    75.5952380952381,
    72.91666666666667,
    74.4047619047619,
    76.93452380952381,
    78.125,
    78.57142857142857,
    77.08333333333333,
    79.46428571428571,
    80.6547619047619,
    70.08928571428571,
    79.01785714285714,
    78.42261904761905,
    79.91071428571429,
    80.95238095238095,
    81.54761904761905,
    80.35714285714286,
    80.35714285714286,
    83.03571428571429,
    79.76190476190476,
    82.88690476190476,
    81.99404761904762,
    81.8452380952381,
    81.99404761904762,
    81.54761904761905,
    83.63095238095238,
    84.22619047619048,
    83.48214285714286,
    84.9702380952381,
    83.7797619047619,
    83.18452380952381,
    84.82142857142857,
    84.67261904761905,
    85.56547619047619,
    83.7797619047619,
    84.07738095238095,
    84.375,
    84.52380952380952,
    84.22619047619048,
    84.52380952380952,
    85.11904761904762
  ]
}