{
  "train_loss": [
    3.572200595116129,
    2.9195742217861875,
    2.4386567886994808,
    2.1743659352769655,
    1.9880832531014268,
    1.8466778689501238,
    1.669366030060515,
    1.5695493580127249,
    1.4813877818535786,
    1.360749981233052,
    1.300186027069481,
    1.2468374462760226,
    1.1900527051516943,
    1.1287152286694975,
    1.1170737469682888,
    1.0418347409185098,
    1.0155715309843725,
    0.9244077941592859,
    0.9217808225325176,
    0.8804000266352479,
    0.8669748525230252,
    0.8666928529131169,
    0.7742206241403308,
    0.7685819246939251,
    0.7402578099649779,
    0.7179455234079944,
    0.656218341418675,
    0.6596402576079174,
    0.6878893078894032,
    0.6157324177270033,
    0.6584142673076415,
    0.5886075762765748,
    0.5651480699984395,
    0.5656543979231192,
    0.525993080011436,
    0.5147252583077976,
    0.44891928714148854,
    0.506633673091324,
    0.4567904178129167,
    0.45767051939453396,
    0.4192500742418425,
    0.42279008859578443,
    0.39615595074636595,
    0.4081604428285239,
    0.3532177120903317,
    0.3463287283571399,
    0.3573953700917108,
    0.3421217238112372,
    0.34161886116679835,
    0.32983513031991163,
    0.3016480688499857,
    0.2978015613495087,
    0.27955734706958946,
    0.2940954672058626,
    0.2755144819313166,
    0.280696981947641,
    0.24996447340794364,
    0.2867053181541209,
    0.2671439917948173,
    0.25288895513786347
  ],
  "train_acc": [
    10.047846889952153,
    22.838915470494417,
    34.00318979266348,
    39.4896331738437,
    45.00797448165869,
    48.86762360446571,
    53.17384370015949,
    55.02392344497608,
    56.49122807017544,
    62.23285486443381,
    60.95693779904306,
    62.71132376395534,
    64.72089314194578,
    67.24082934609251,
    66.50717703349282,
    69.05901116427432,
    69.31419457735247,
    71.6427432216906,
    71.80223285486443,
    73.23763955342903,
    73.33333333333333,
    73.97129186602871,
    75.725677830941,
    76.17224880382776,
    78.14992025518342,
    77.70334928229666,
    79.17065390749602,
    79.87240829346092,
    79.17065390749602,
    80.12759170653908,
    79.77671451355661,
    81.49920255183413,
    82.77511961722487,
    82.61562998405104,
    84.0829346092504,
    84.24242424242425,
    85.45454545454545,
    84.81658692185007,
    86.22009569377991,
    85.51834130781499,
    86.85805422647528,
    87.1451355661882,
    87.01754385964912,
    87.46411483253588,
    88.48484848484848,
    89.0909090909091,
    88.51674641148325,
    89.15470494417863,
    89.44178628389155,
    89.6012759170654,
    90.04784688995215,
    89.85645933014354,
    90.68580542264753,
    90.94098883572568,
    91.35566188197767,
    90.94098883572568,
    91.9298245614035,
    91.35566188197767,
    92.02551834130782,
    91.9298245614035
  ],
  "val_loss": [
    3.216618220011393,
    2.658610741297404,
    2.2755457560221353,
    2.0212570372081937,
    2.0523061014357067,
    2.052244788124448,
    1.913073840595427,
    1.8135498875663394,
    1.7042060976936704,
    1.682407986550104,
    1.6784364950089228,
    1.6691866261618478,
    1.6773422388803392,
    1.5946779137565976,
    1.777922204562596,
    1.49765940507253,
    1.593677736464001,
    1.5294213124683924,
    1.4851771536327543,
    1.4193791151046753,
    1.650486131509145,
    1.4407120432172502,
    1.440123512631371,
    1.426364384946369,
    1.4820367523602076,
    1.385069639909835,
    1.4125334535326277,
    1.5027542738687425,
    1.5028301590964908,
    1.484935354618799,
    1.3887146654583158,
    1.3469950074241275,
    1.4555079539616902,
    1.4645441344806127,
    1.4955843005861555,
    1.408459478900546,
    1.514663352852776,
    1.4411950224921817,
    1.3905758403596424,
    1.3846272315297807,
    1.4055689800353277,
    1.452217317762829,
    1.4146850222632998,
    1.4373608118011838,
    1.4650306446211678,
    1.4009719178790139,
    1.4408783146313258,
    1.4451885393687658,
    1.4181358076277233,
    1.4226659678277516,
    1.406462890761239,
    1.4051772639864968,
    1.4343071012269883,
    1.4056515154384432,
    1.439209569068182,
    1.4544090032577515,
    1.4577209523745946,
    1.4292776300793602,
    1.4184074714070274,
    1.4277296804246449
  ],
  "val_acc": [
    17.857142857142858,
    26.785714285714285,
    37.05357142857143,
    43.154761904761905,
    45.38690476190476,
    45.089285714285715,
    46.875,
    51.63690476190476,
    54.910714285714285,
    54.76190476190476,
    53.720238095238095,
    54.31547619047619,
    54.31547619047619,
    57.291666666666664,
    54.61309523809524,
    56.54761904761905,
    58.333333333333336,
    62.648809523809526,
    60.56547619047619,
    60.86309523809524,
    55.654761904761905,
    62.5,
    62.20238095238095,
    62.351190476190474,
    60.86309523809524,
    62.94642857142857,
    63.98809523809524,
    64.58333333333333,
    63.095238095238095,
    64.28571428571429,
    63.98809523809524,
    66.66666666666667,
    65.77380952380952,
    65.32738095238095,
    64.73214285714286,
    66.81547619047619,
    65.92261904761905,
    68.45238095238095,
    66.36904761904762,
    67.55952380952381,
    68.1547619047619,
    68.1547619047619,
    68.1547619047619,
    66.96428571428571,
    67.26190476190476,
    69.04761904761905,
    69.19642857142857,
    68.60119047619048,
    68.89880952380952,
    69.19642857142857,
    69.64285714285714,
    69.79166666666667,
    69.94047619047619,
    70.08928571428571,
    70.53571428571429,
    69.94047619047619,
    69.79166666666667,
    71.13095238095238,
    70.53571428571429,
    70.38690476190476
  ]
}